GROUP,PACKAGE,CLASS,INSTRUCTION_MISSED,INSTRUCTION_COVERED,BRANCH_MISSED,BRANCH_COVERED,LINE_MISSED,LINE_COVERED,COMPLEXITY_MISSED,COMPLEXITY_COVERED,METHOD_MISSED,METHOD_COVERED
reporting/ogham-core,fr.sii.ogham.core.message.content,MultiContent,31,61,2,0,6,13,3,7,2,7
reporting/ogham-core,fr.sii.ogham.core.message.content,EmailVariant,0,24,0,0,0,3,0,1,0,1
reporting/ogham-core,fr.sii.ogham.core.message.content,ParsedContent,47,59,5,5,9,12,10,6,5,6
reporting/ogham-core,fr.sii.ogham.core.message.content,TemplateContent,0,96,0,0,0,17,0,9,0,9
reporting/ogham-core,fr.sii.ogham.core.message.content,MultiTemplateContent,35,63,0,2,8,12,4,6,4,5
reporting/ogham-core,fr.sii.ogham.core.message.content,TemplateVariantContent,71,37,0,0,9,7,5,3,5,3
reporting/ogham-core,fr.sii.ogham.core.message.content,StringContent,0,40,0,0,0,10,0,7,0,7
reporting/ogham-core,fr.sii.ogham.core.message.content,StringTemplateContent,8,8,0,0,2,2,1,1,1,1
reporting/ogham-core,fr.sii.ogham.email.exception.attachment.translator,ResourceTranslatorException,13,0,0,0,6,0,3,0,3,0
reporting/ogham-core,fr.sii.ogham.core.condition.provider,RequiredPropertiesAnnotationProvider,0,72,0,6,0,12,0,5,0,2
reporting/ogham-core,fr.sii.ogham.core.condition.provider,AnnotationConditionProvider,0,73,0,0,0,12,0,2,0,2
reporting/ogham-core,fr.sii.ogham.core.condition.provider,RequiredPropertyAnnotationProvider,0,238,0,16,0,30,0,14,0,6
reporting/ogham-core,fr.sii.ogham.core.condition.provider,ActivableAtRuntimeConditionProvider,0,15,0,2,0,4,0,3,0,2
reporting/ogham-core,fr.sii.ogham.core.condition.provider,ImplementationConditionProvider,0,37,0,0,0,8,0,2,0,2
reporting/ogham-core,fr.sii.ogham.core.condition.provider,RequiredClassAnnotationProvider,0,74,0,6,0,11,0,6,0,3
reporting/ogham-core,fr.sii.ogham.core.condition.provider,RequiredClassesAnnotationProvider,0,69,0,6,0,11,0,5,0,2
reporting/ogham-core,fr.sii.ogham.core.condition.provider,StaticConditionProvider,9,0,0,0,4,0,2,0,2,0
reporting/ogham-core,fr.sii.ogham.core.convert,DefaultConverter,0,36,0,0,0,7,0,1,0,1
reporting/ogham-core,fr.sii.ogham.core.convert,StringToURLConverter,0,46,0,8,0,8,0,7,0,3
reporting/ogham-core,fr.sii.ogham.core.convert,StringToArrayConverter,0,66,1,5,0,15,1,6,0,4
reporting/ogham-core,fr.sii.ogham.core.convert,StringToBooleanConverter,22,75,5,5,4,18,4,5,0,4
reporting/ogham-core,fr.sii.ogham.core.convert,StringToNumberConverter,0,293,2,66,0,60,2,39,0,7
reporting/ogham-core,fr.sii.ogham.core.convert,DelegateConverter,3,65,0,6,1,14,1,7,1,4
reporting/ogham-core,fr.sii.ogham.core.convert,NoConversionNeededConverter,0,9,0,0,0,3,0,3,0,3
reporting/ogham-core,fr.sii.ogham.core.builder.charset,SimpleCharsetDetectorBuilder,2,45,1,1,1,11,1,4,0,4
reporting/ogham-core,fr.sii.ogham.email.attachment,Attachment,100,189,0,4,26,38,13,19,13,17
reporting/ogham-core,fr.sii.ogham.html.inliner.impl.jsoup,ImageInlineUtils,2,50,1,7,1,11,1,5,0,2
reporting/ogham-core,fr.sii.ogham.html.inliner.impl.jsoup,JsoupBase64ImageInliner,0,104,0,8,0,17,0,7,0,3
reporting/ogham-core,fr.sii.ogham.html.inliner.impl.jsoup,JsoupCssInliner,23,258,4,18,2,53,4,15,0,8
reporting/ogham-core,fr.sii.ogham.html.inliner.impl.jsoup,JsoupAttachImageInliner,0,137,0,10,0,24,0,8,0,3
reporting/ogham-core,fr.sii.ogham.sms.sender,PhoneNumberTranslatorSender,20,135,2,6,5,27,2,8,0,6
reporting/ogham-core,fr.sii.ogham.sms.sender,SmsSender,9,17,0,0,4,5,2,2,2,2
reporting/ogham-core,fr.sii.ogham.core.exception.builder,BuildException,13,0,0,0,6,0,3,0,3,0
reporting/ogham-core,fr.sii.ogham.core.util.classpath,SimpleClasspathHelper,16,87,2,8,6,27,3,9,1,6
reporting/ogham-core,fr.sii.ogham.core.exception.filler,FillMessageException,16,0,0,0,6,0,3,0,3,0
reporting/ogham-core,fr.sii.ogham.core.builder.sender,SenderImplementationBuilderHelper,31,143,5,11,4,30,4,10,1,5
reporting/ogham-core,fr.sii.ogham.sms.exception.message,PhoneNumberTranslatorException,13,0,0,0,6,0,3,0,3,0
reporting/ogham-core,fr.sii.ogham.sms.exception.message,AddressingException,13,0,0,0,6,0,3,0,3,0
reporting/ogham-core,fr.sii.ogham.sms.exception.message,EncodingException,9,4,0,0,4,2,2,1,2,1
reporting/ogham-core,fr.sii.ogham.core.filler,AbstractMessageAwareFiller,4,86,4,10,0,20,4,9,0,6
reporting/ogham-core,fr.sii.ogham.core.filler,EveryFillerDecorator,0,37,0,2,0,11,0,5,0,4
reporting/ogham-core,fr.sii.ogham.core.filler,SubjectFiller,0,26,2,4,0,10,2,3,0,2
reporting/ogham-core,fr.sii.ogham.core.template.context,BeanContext,31,16,0,0,4,5,2,3,2,3
reporting/ogham-core,fr.sii.ogham.core.template.context,LocaleContext,3,24,0,0,1,8,1,4,1,4
reporting/ogham-core,fr.sii.ogham.core.template.context,SimpleContext,14,36,0,0,1,10,1,5,1,5
reporting/ogham-core,fr.sii.ogham.sms.builder,PhoneNumbersBuilder,0,45,2,2,0,10,2,4,0,4
reporting/ogham-core,fr.sii.ogham.sms.builder,SenderNumberBuilder,8,36,2,2,3,10,3,4,1,4
reporting/ogham-core,fr.sii.ogham.sms.builder,AutofillSmsBuilder,0,70,2,2,0,16,2,4,0,4
reporting/ogham-core,fr.sii.ogham.sms.builder,AutofillDefaultPhoneNumberBuilder,0,5,0,0,0,2,0,1,0,1
reporting/ogham-core,fr.sii.ogham.sms.builder,PhoneNumberTranslatorPair,0,15,0,0,0,6,0,3,0,3
reporting/ogham-core,fr.sii.ogham.sms.builder,SmsBuilder,1,161,6,6,1,39,6,10,0,10
reporting/ogham-core,fr.sii.ogham.sms.builder,RecipientNumberBuilder,8,36,2,2,3,10,3,4,1,4
reporting/ogham-core,fr.sii.ogham.sms.builder,RecipientNumberFormatBuilder,1,77,4,6,0,18,4,6,0,5
reporting/ogham-core,fr.sii.ogham.sms.builder,SenderNumberFormatBuilder,1,139,6,8,0,32,6,10,0,9
reporting/ogham-core,fr.sii.ogham.core.util,ArrayUtils,33,0,0,0,6,0,2,0,2,0
reporting/ogham-core,fr.sii.ogham.core.util,BuilderUtils,5,76,3,13,3,17,4,12,1,7
reporting/ogham-core,fr.sii.ogham.core.util,BeanUtils.Options,0,15,0,0,0,6,0,3,0,3
reporting/ogham-core,fr.sii.ogham.core.util,ClasspathUtils,0,17,0,0,0,7,0,4,0,4
reporting/ogham-core,fr.sii.ogham.core.util,StringUtils,4,9,0,0,1,2,1,2,1,2
reporting/ogham-core,fr.sii.ogham.core.util,EqualsBuilder,82,137,10,26,16,25,10,17,4,5
reporting/ogham-core,fr.sii.ogham.core.util,BeanUtils,39,110,1,9,7,27,2,11,1,7
reporting/ogham-core,fr.sii.ogham.core.util,HtmlUtils,0,101,2,8,0,23,2,8,0,5
reporting/ogham-core,fr.sii.ogham.core.util,HashCodeBuilder,26,41,0,2,7,9,4,5,4,4
reporting/ogham-core,fr.sii.ogham.core.util,IOUtils,0,30,0,0,0,6,0,4,0,4
reporting/ogham-core,fr.sii.ogham.core.util,Base64Utils,0,4,0,0,0,1,0,1,0,1
reporting/ogham-core,fr.sii.ogham.email.builder,EmailBuilder,3,247,9,19,3,63,9,20,0,15
reporting/ogham-core,fr.sii.ogham.email.builder,ImageInliningBuilder,22,141,7,7,6,34,9,13,2,13
reporting/ogham-core,fr.sii.ogham.email.builder,AttachImageBuilder,5,27,2,2,1,8,2,3,0,3
reporting/ogham-core,fr.sii.ogham.email.builder,CidBuilder,0,12,0,0,0,5,0,3,0,3
reporting/ogham-core,fr.sii.ogham.email.builder,AutofillDefaultEmailAddressBuilder,0,5,0,0,0,2,0,1,0,1
reporting/ogham-core,fr.sii.ogham.email.builder,AttachmentHandlingBuilder,6,59,0,0,1,14,1,7,1,7
reporting/ogham-core,fr.sii.ogham.email.builder,Base64InliningBuilder,0,8,0,0,0,3,0,2,0,2
reporting/ogham-core,fr.sii.ogham.email.builder,AutofillEmailBuilder,0,156,11,11,0,36,11,8,0,8
reporting/ogham-core,fr.sii.ogham.email.builder,ImageHandlingBuilder,2,28,1,3,1,8,1,4,0,3
reporting/ogham-core,fr.sii.ogham.email.builder,CssInliningBuilder,13,71,2,2,4,18,3,10,1,10
reporting/ogham-core,fr.sii.ogham.email.builder,CssHandlingBuilder,2,28,1,3,1,8,1,4,0,3
reporting/ogham-core,fr.sii.ogham.email.builder,AutofillSubjectBuilder,10,87,4,4,3,21,5,5,1,5
reporting/ogham-core,fr.sii.ogham.core.builder.mimetype,SimpleMimetypeDetectionBuilder,12,138,6,12,3,37,6,13,0,10
reporting/ogham-core,fr.sii.ogham.core.builder.mimetype,TikaBuilderDelegate,26,0,0,0,8,0,4,0,4,0
reporting/ogham-core,fr.sii.ogham.core.builder.mimetype,SimpleTikaBuilder,0,34,0,2,0,9,0,5,0,4
reporting/ogham-core,fr.sii.ogham.core.builder.mimetype,SimpleReplaceMimetypeBuilder,35,47,0,2,6,10,3,4,3,3
reporting/ogham-core,fr.sii.ogham.core.builder.mimetype,MimetypeDetectionBuilderDelegate,23,12,0,0,4,4,3,2,3,2
reporting/ogham-core,fr.sii.ogham.core.builder.mimetype,ReplaceMimetypeBuilderDelegate,45,0,0,0,12,0,6,0,6,0
reporting/ogham-core,fr.sii.ogham.core.builder.mimetype,SimpleReplaceMimetypeBuilder.ContainsReplacement,22,0,0,0,6,0,2,0,2,0
reporting/ogham-core,fr.sii.ogham.core.builder.mimetype,SimpleReplaceMimetypeBuilder.PatternReplacement,0,17,0,0,0,5,0,2,0,2
reporting/ogham-core,fr.sii.ogham.core.util.bean,DirectAccessor,0,9,0,0,0,4,0,2,0,2
reporting/ogham-core,fr.sii.ogham.core.util.bean,DefaultRecursiveBeanReadWrapperFactory,0,11,0,0,0,2,0,2,0,2
reporting/ogham-core,fr.sii.ogham.core.util.bean,MapRecursiveBeanReadWrapperFactory,0,12,0,0,0,2,0,2,0,2
reporting/ogham-core,fr.sii.ogham.core.util.bean,ReadMethodAccessor,28,95,1,7,2,17,1,9,0,6
reporting/ogham-core,fr.sii.ogham.core.util.bean,SimpleBeanReadWrapper,0,201,1,23,0,42,1,20,0,9
reporting/ogham-core,fr.sii.ogham.core.util.bean,MapBeanReadWrapper.MapBeanReadWrapperEntry,59,24,14,0,18,7,10,4,3,4
reporting/ogham-core,fr.sii.ogham.core.util.bean,FieldAccessor,2,83,3,5,0,17,3,6,0,5
reporting/ogham-core,fr.sii.ogham.core.util.bean,MapBeanReadWrapper,41,98,2,8,8,24,9,14,7,11
reporting/ogham-core,fr.sii.ogham.core.util.bean,RecursiveBeanReadWrapper,10,48,1,3,3,15,3,6,2,5
reporting/ogham-core,fr.sii.ogham.core.util.bean,BeanWrapperUtils,18,111,5,17,3,27,5,12,0,6
reporting/ogham-core,fr.sii.ogham.core.exception.retry,RetryExecutionInterruptedException,13,0,0,0,6,0,3,0,3,0
reporting/ogham-core,fr.sii.ogham.core.exception.retry,RetryException,4,9,0,0,2,4,1,2,1,2
reporting/ogham-core,fr.sii.ogham.core.exception.retry,MaximumAttemptsReachedException,3,7,0,0,1,3,1,1,1,1
reporting/ogham-core,fr.sii.ogham.core.exception.retry,ExecutionFailedNotRetriedException,8,5,0,0,4,2,2,1,2,1
reporting/ogham-core,fr.sii.ogham.core.exception.retry,RetryExecutionFailureException,4,9,0,0,2,4,1,2,1,2
reporting/ogham-core,fr.sii.ogham.html.translator,InlineCssTranslator,40,130,2,12,6,33,2,12,0,7
reporting/ogham-core,fr.sii.ogham.html.translator,XHTMLTranslator,5,0,0,0,2,0,2,0,2,0
reporting/ogham-core,fr.sii.ogham.html.translator,ExpandCssPropertiesTranslator,5,0,0,0,2,0,2,0,2,0
reporting/ogham-core,fr.sii.ogham.html.translator,InlineImageTranslator,69,206,3,15,12,49,3,16,0,10
reporting/ogham-core,fr.sii.ogham.email.message,Recipient,31,51,0,0,7,8,3,5,3,5
reporting/ogham-core,fr.sii.ogham.email.message,RecipientType,0,34,0,0,0,4,0,1,0,1
reporting/ogham-core,fr.sii.ogham.email.message,Email,109,455,7,25,24,72,11,40,7,28
reporting/ogham-core,fr.sii.ogham.email.message,EmailAddress,0,141,1,9,0,27,1,13,0,9
reporting/ogham-core,fr.sii.ogham.core.template.detector,CompositeTemplateDetector,0,23,0,0,0,8,0,4,0,4
reporting/ogham-core,fr.sii.ogham.core.template.detector,OrTemplateDetector,0,29,0,4,0,9,0,5,0,3
reporting/ogham-core,fr.sii.ogham.core.template.detector,FixedEngineDetector,4,9,0,0,2,4,1,2,1,2
reporting/ogham-core,fr.sii.ogham.core.template.detector,SimpleResourceEngineDetector,20,33,2,2,5,10,2,4,0,4
reporting/ogham-core,fr.sii.ogham.email.filler,EmailFiller,10,95,7,17,1,17,6,9,0,3
reporting/ogham-core,fr.sii.ogham.core.retry,SimpleRetryExecutor,12,96,1,5,4,23,1,7,0,5
reporting/ogham-core,fr.sii.ogham.core.retry,FixedDelayRetry,26,12,2,0,5,5,6,1,5,1
reporting/ogham-core,fr.sii.ogham.core.retry,NamedCallable,3,13,0,0,1,5,1,2,1,2
reporting/ogham-core,fr.sii.ogham.sms.message.addressing,TypeOfNumber,34,92,4,0,4,12,3,3,1,3
reporting/ogham-core,fr.sii.ogham.sms.message.addressing,AddressedPhoneNumber,23,67,1,3,1,11,2,6,1,5
reporting/ogham-core,fr.sii.ogham.sms.message.addressing,NumberingPlanIndicator,34,125,4,0,4,15,3,3,1,3
reporting/ogham-core,fr.sii.ogham.core.translator.resource,DefaultResourceTranslator,5,0,0,0,2,0,2,0,2,0
reporting/ogham-core,fr.sii.ogham.core.translator.resource,EveryResourceTranslator,0,68,0,2,0,18,0,8,0,7
reporting/ogham-core,fr.sii.ogham.core.translator.resource,LookupResourceTranslator,7,36,0,2,2,11,0,5,0,4
reporting/ogham-core,fr.sii.ogham.core.exception.resource,NoResolverException,16,0,0,0,6,0,3,0,3,0
reporting/ogham-core,fr.sii.ogham.core.exception.resource,ResourceResolutionException,18,7,0,0,7,3,3,1,3,1
reporting/ogham-core,fr.sii.ogham.core.exception.template,BeanContextException,25,0,0,0,10,0,4,0,4,0
reporting/ogham-core,fr.sii.ogham.core.exception.template,ParseException,13,24,0,0,5,9,2,3,2,3
reporting/ogham-core,fr.sii.ogham.core.exception.template,EngineDetectionException,13,0,0,0,6,0,3,0,3,0
reporting/ogham-core,fr.sii.ogham.core.exception.template,ContextException,13,0,0,0,6,0,3,0,3,0
reporting/ogham-core,fr.sii.ogham.core.exception.template,BeanException,17,8,0,0,7,3,3,1,3,1
reporting/ogham-core,fr.sii.ogham.core.exception.template,NoEngineDetectionException,4,0,0,0,2,0,1,0,1,0
reporting/ogham-core,fr.sii.ogham.core.service,WrapExceptionMessagingService,30,45,0,0,4,12,0,2,0,2
reporting/ogham-core,fr.sii.ogham.core.service,EverySupportingMessagingService,12,77,0,6,4,21,2,6,2,3
reporting/ogham-core,fr.sii.ogham.core.builder.configurer,DefaultMessagingConfigurer,0,272,0,0,0,87,0,8,0,8
reporting/ogham-core,fr.sii.ogham.core.builder.configurer,MessagingConfigurerAdapter,0,29,0,0,0,12,0,7,0,7
reporting/ogham-core,fr.sii.ogham.core.id.generator,SequentialIdGenerator,0,24,0,0,0,6,0,3,0,3
reporting/ogham-core,fr.sii.ogham.core.id.generator,UUIDGenerator,7,0,0,0,2,0,2,0,2,0
reporting/ogham-core,fr.sii.ogham.core.exception.util,HttpException,13,0,0,0,6,0,3,0,3,0
reporting/ogham-core,fr.sii.ogham.core.exception.util,PhoneNumberException,13,0,0,0,6,0,3,0,3,0
reporting/ogham-core,fr.sii.ogham.core.exception.util,FieldAccessException,13,0,0,0,6,0,3,0,3,0
reporting/ogham-core,fr.sii.ogham.core.exception.util,InvalidPropertyException,6,21,0,0,2,8,2,2,2,2
reporting/ogham-core,fr.sii.ogham.core.exception.util,BeanWrapperException,0,9,0,0,0,4,0,2,0,2
reporting/ogham-core,fr.sii.ogham.core.condition,RequiredClassCondition,38,10,0,0,5,4,3,2,3,2
reporting/ogham-core,fr.sii.ogham.core.condition,OrCondition,26,28,0,4,5,9,3,5,3,3
reporting/ogham-core,fr.sii.ogham.core.condition,PropertyValueCondition,66,21,0,0,5,6,3,2,3,2
reporting/ogham-core,fr.sii.ogham.core.condition,CompositeCondition,33,24,0,0,5,8,4,4,4,4
reporting/ogham-core,fr.sii.ogham.core.condition,RequiredPropertyCondition,52,15,0,0,5,5,3,2,3,2
reporting/ogham-core,fr.sii.ogham.core.condition,PropertyPatternCondition,66,33,0,6,5,7,3,5,3,2
reporting/ogham-core,fr.sii.ogham.core.condition,NotCondition,38,15,0,2,5,4,3,3,3,2
reporting/ogham-core,fr.sii.ogham.core.condition,FixedCondition,35,9,0,0,5,4,3,2,3,2
reporting/ogham-core,fr.sii.ogham.core.condition,AndCondition,20,34,0,4,3,11,2,6,2,4
reporting/ogham-core,fr.sii.ogham.sms.filler,SmsFiller,0,47,3,9,0,8,3,6,0,3
reporting/ogham-core,fr.sii.ogham.email.sender,AttachmentResourceTranslatorSender,10,95,1,3,3,18,1,6,0,5
reporting/ogham-core,fr.sii.ogham.email.sender,EmailSender,9,17,0,0,4,5,2,2,2,2
reporting/ogham-core,fr.sii.ogham.template.common.adapter,ExtensionMappingVariantResolver,28,123,5,5,4,22,5,6,0,6
reporting/ogham-core,fr.sii.ogham.template.common.adapter,FirstExistingResourceVariantResolver,33,51,7,5,8,14,5,6,1,4
reporting/ogham-core,fr.sii.ogham.template.common.adapter,FailIfNotFoundVariantResolver,38,0,2,0,6,0,4,0,3,0
reporting/ogham-core,fr.sii.ogham.template.common.adapter,NullVariantResolver,7,0,0,0,3,0,3,0,3,0
reporting/ogham-core,fr.sii.ogham.template.common.adapter,FailIfNotFoundWithTestedPathsVariantResolver,5,72,1,3,2,14,2,5,1,4
reporting/ogham-core,fr.sii.ogham.core.template.parser,AutoDetectTemplateParser,22,63,1,3,3,15,1,5,0,4
reporting/ogham-core,fr.sii.ogham.core.template.parser,AutoDetectTemplateParser.TemplateImplementation,0,15,0,0,0,6,0,3,0,3
reporting/ogham-core,fr.sii.ogham.template.exception,ResolverAdapterException,25,0,0,0,10,0,4,0,4,0
reporting/ogham-core,fr.sii.ogham.template.exception,VariantResolutionException,3,9,0,0,1,3,1,1,1,1
reporting/ogham-core,fr.sii.ogham.template.exception,NoResolverAdapterException,16,0,0,0,6,0,3,0,3,0
reporting/ogham-core,fr.sii.ogham.template.exception,ResolverAdapterNotFoundException,9,0,0,0,4,0,2,0,2,0
reporting/ogham-core,fr.sii.ogham.template.exception,UnknownVariantException,7,0,0,0,2,0,1,0,1,0
reporting/ogham-core,fr.sii.ogham.template.exception,TemplateRuntimeException,13,0,0,0,6,0,3,0,3,0
reporting/ogham-core,fr.sii.ogham.template.exception,ResolverAdapterConfigurationException,16,0,0,0,6,0,3,0,3,0
reporting/ogham-core,fr.sii.ogham.template.exception,TemplateVariantNotFoundException,5,27,1,1,1,7,2,3,1,3
reporting/ogham-core,fr.sii.ogham.sms.message,Contact,40,65,3,1,5,16,5,7,3,7
reporting/ogham-core,fr.sii.ogham.sms.message,Sms,108,202,4,4,18,37,9,21,7,19
reporting/ogham-core,fr.sii.ogham.sms.message,PhoneNumber,26,12,0,0,4,5,3,3,3,3
reporting/ogham-core,fr.sii.ogham.sms.message,Sender,5,13,0,0,2,6,1,3,1,3
reporting/ogham-core,fr.sii.ogham.sms.message,Recipient,5,13,0,0,2,6,1,3,1,3
reporting/ogham-core,fr.sii.ogham.core.resource.resolver,FileResolver,0,87,0,2,0,18,0,7,0,6
reporting/ogham-core,fr.sii.ogham.core.resource.resolver,ClassPathResolver,20,118,1,5,3,23,1,10,0,8
reporting/ogham-core,fr.sii.ogham.core.resource.resolver,DefaultResourceResolver,44,0,4,0,10,0,7,0,5,0
reporting/ogham-core,fr.sii.ogham.core.resource.resolver,RelativeResolver,21,156,3,7,4,21,6,9,3,7
reporting/ogham-core,fr.sii.ogham.core.resource.resolver,StringResourceResolver,0,49,0,8,0,11,0,9,0,5
reporting/ogham-core,fr.sii.ogham.core.resource.resolver,FirstSupportingResourceResolver,33,76,4,6,7,20,6,8,2,7
reporting/ogham-core,fr.sii.ogham.core.resource.resolver,AbstractPrefixedLookupPathResolver,0,76,1,9,0,19,1,10,0,6
reporting/ogham-core,fr.sii.ogham.core.builder.template,VariantWithExt,0,15,0,0,0,6,0,3,0,3
reporting/ogham-core,fr.sii.ogham.core.builder.template,TemplateBuilderHelper,44,220,7,21,11,46,9,15,2,8
reporting/ogham-core,fr.sii.ogham.core.mimetype,JavaActivationProvider,60,0,0,0,15,0,7,0,7,0
reporting/ogham-core,fr.sii.ogham.core.mimetype,FallbackMimeTypeProvider,37,257,1,9,8,46,2,12,1,8
reporting/ogham-core,fr.sii.ogham.core.mimetype,OverrideMimetypeProvider,0,102,0,2,0,22,0,9,0,8
reporting/ogham-core,fr.sii.ogham.core.mimetype,FixedMimeTypeProvider,29,13,0,0,10,5,5,2,5,2
reporting/ogham-core,fr.sii.ogham.core.mimetype,TikaProvider,49,114,0,4,11,28,1,10,1,8
reporting/ogham-core,fr.sii.ogham.core.mimetype,JavaFilesProvider,63,0,2,0,13,0,7,0,6,0
reporting/ogham-core,fr.sii.ogham.core.exception,MessagingException,4,9,0,0,2,4,1,2,1,2
reporting/ogham-core,fr.sii.ogham.core.exception,MessagingRuntimeException,4,9,0,0,2,4,1,2,1,2
reporting/ogham-core,fr.sii.ogham.core.exception,MessageException,10,15,0,0,4,6,2,2,2,2
reporting/ogham-core,fr.sii.ogham.core.exception,MessageNotSentException,5,11,0,0,2,4,1,2,1,2
reporting/ogham-core,fr.sii.ogham.core.builder.retry,RetryBuilder,2,33,1,3,1,8,1,4,0,3
reporting/ogham-core,fr.sii.ogham.core.builder.retry,FixedDelayBuilder,4,138,6,14,0,31,6,12,0,8
reporting/ogham-core,fr.sii.ogham.core.builder.retry,BuilderToRetryStrategyProviderBridge,0,11,0,0,0,4,0,2,0,2
reporting/ogham-core,fr.sii.ogham.core.subject.provider,MultiContentSubjectProvider,0,43,0,6,0,13,0,5,0,2
reporting/ogham-core,fr.sii.ogham.core.subject.provider,HtmlTitleSubjectProvider,2,23,3,3,1,6,3,2,0,2
reporting/ogham-core,fr.sii.ogham.core.subject.provider,TextPrefixSubjectProvider,6,59,4,6,1,15,4,4,0,3
reporting/ogham-core,fr.sii.ogham.core.subject.provider,FirstSupportingSubjectProvider,2,40,1,3,1,12,1,5,0,4
reporting/ogham-core,fr.sii.ogham.core.builder.env,SimplePropertiesBuilder.Property,0,15,0,0,0,6,0,3,0,3
reporting/ogham-core,fr.sii.ogham.core.builder.env,SimplePropertiesBuilder,0,45,0,2,0,10,0,4,0,3
reporting/ogham-core,fr.sii.ogham.core.builder.env,SimpleEnvironmentBuilder.AbstractProps,0,9,0,0,0,4,0,1,0,1
reporting/ogham-core,fr.sii.ogham.core.builder.env,SimpleEnvironmentBuilder.PriorityComparator,2,21,1,5,0,3,1,3,0,1
reporting/ogham-core,fr.sii.ogham.core.builder.env,SimpleEnvironmentBuilder.PropsBuilder,0,13,0,0,0,4,0,2,0,2
reporting/ogham-core,fr.sii.ogham.core.builder.env,SimpleEnvironmentBuilder,5,200,0,10,2,40,1,19,1,14
reporting/ogham-core,fr.sii.ogham.core.builder.env,PropertiesBuilderDelegate,20,0,0,0,6,0,3,0,3,0
reporting/ogham-core,fr.sii.ogham.core.builder.env,ConverterBuilderDelegate,14,12,0,0,4,4,2,2,2,2
reporting/ogham-core,fr.sii.ogham.core.builder.env,SimpleEnvironmentBuilder.PropsPath,24,61,1,5,3,11,1,6,0,4
reporting/ogham-core,fr.sii.ogham.core.builder.env,SimpleEnvironmentBuilder.Props,0,11,0,0,0,4,0,2,0,2
reporting/ogham-core,fr.sii.ogham.core.builder.env,SimpleConverterBuilder,32,35,2,4,8,11,4,4,2,3
reporting/ogham-core,fr.sii.ogham.core.builder.env,EnvironmentBuilderDelegate,66,27,0,0,16,7,9,4,9,4
reporting/ogham-core,fr.sii.ogham.email.exception.javamail,AttachmentResourceHandlerException,25,0,0,0,10,0,4,0,4,0
reporting/ogham-core,fr.sii.ogham.email.exception.javamail,NoAttachmentResourceHandlerException,5,0,0,0,2,0,1,0,1,0
reporting/ogham-core,fr.sii.ogham.email.exception.javamail,NoContentHandlerException,5,0,0,0,2,0,1,0,1,0
reporting/ogham-core,fr.sii.ogham.email.exception.javamail,ContentHandlerException,25,0,0,0,10,0,4,0,4,0
reporting/ogham-core,fr.sii.ogham.core.builder,MessagingBuilder.PrioritizedConfigurer,0,19,0,0,0,7,0,4,0,4
reporting/ogham-core,fr.sii.ogham.core.builder,MessagingBuilder,52,273,4,18,10,60,7,26,4,18
reporting/ogham-core,fr.sii.ogham.core.builder,AbstractAutofillDefaultValueBuilder,1,48,1,3,0,9,1,4,0,3
reporting/ogham-core,fr.sii.ogham.core.builder,MessagingBuilder.PriorityComparator,0,7,0,0,0,1,0,1,0,1
reporting/ogham-core,fr.sii.ogham.core.builder,AbstractParent,0,9,0,0,0,4,0,2,0,2
reporting/ogham-core,fr.sii.ogham.core.exception.handler,TemplateNotFoundException,13,0,0,0,6,0,3,0,3,0
reporting/ogham-core,fr.sii.ogham.core.exception.handler,ContentTranslatorException,4,9,0,0,2,4,1,2,1,2
reporting/ogham-core,fr.sii.ogham.core.exception.handler,NoContentException,6,10,0,0,2,4,2,1,2,1
reporting/ogham-core,fr.sii.ogham.core.resource,FileResource,7,63,0,0,2,11,1,7,1,7
reporting/ogham-core,fr.sii.ogham.core.resource,LookupResource,19,79,3,1,3,15,3,7,1,7
reporting/ogham-core,fr.sii.ogham.core.resource,SimpleResource,7,15,0,0,3,4,1,2,1,2
reporting/ogham-core,fr.sii.ogham.core.resource,ByteResource,3,63,0,0,1,10,1,6,1,6
reporting/ogham-core,fr.sii.ogham.core.charset,FixedCharsetDetector,45,13,0,0,5,6,5,3,5,3
reporting/ogham-core,fr.sii.ogham.core.charset,SimpleCharsetMatch,15,0,0,0,6,0,3,0,3,0
reporting/ogham-core,fr.sii.ogham.core.translator.content,EveryContentTranslator,0,68,0,2,0,18,0,8,0,7
reporting/ogham-core,fr.sii.ogham.core.translator.content,DefaultContentTranslator,5,0,0,0,2,0,2,0,2,0
reporting/ogham-core,fr.sii.ogham.core.translator.content,MultiContentTranslator,0,100,1,9,0,23,1,8,0,4
reporting/ogham-core,fr.sii.ogham.core.translator.content,TemplateContentTranslator,19,103,1,5,2,26,1,8,0,6
reporting/ogham-core,fr.sii.ogham.core.builder.resolution,FileResolutionBuilder,0,66,0,8,0,11,0,8,0,4
reporting/ogham-core,fr.sii.ogham.core.builder.resolution,StringResolutionBuilder,0,12,0,0,0,3,0,2,0,2
reporting/ogham-core,fr.sii.ogham.core.builder.resolution,ResourceResolutionBuilderHelper,8,161,3,11,2,33,4,10,1,6
reporting/ogham-core,fr.sii.ogham.core.builder.resolution,ResourceResolutionBuilderHelper.PrefixComparator,2,54,1,7,1,12,1,4,0,1
reporting/ogham-core,fr.sii.ogham.core.builder.resolution,StandaloneResourceResolutionBuilder,11,23,0,0,3,6,2,4,2,4
reporting/ogham-core,fr.sii.ogham.core.builder.resolution,AbstractSingleResolutionBuilder,2,107,2,10,1,24,2,10,0,6
reporting/ogham-core,fr.sii.ogham.core.builder.resolution,ResourceResolutionBuilderHelper.ResolverHelper,0,19,0,0,0,7,0,3,0,3
reporting/ogham-core,fr.sii.ogham.core.builder.resolution,ClassPathResolutionBuilder,0,66,0,8,0,11,0,8,0,4
reporting/ogham-core,fr.sii.ogham.email.exception.sendgrid,ContentHandlerException,0,9,0,0,0,4,0,2,0,2
reporting/ogham-core,fr.sii.ogham.core.util.converter,EmailAddressConverter,26,7,4,0,5,2,4,2,2,2
reporting/ogham-core,fr.sii.ogham.core.util.converter,SmsSenderConverter,26,7,4,0,5,2,4,2,2,2
reporting/ogham-core,fr.sii.ogham.sms.message.addressing.translator,AbstractFixedPhoneNumberHandler,0,15,0,0,0,4,0,2,0,2
reporting/ogham-core,fr.sii.ogham.sms.message.addressing.translator,DefaultHandler,0,7,0,0,0,3,0,2,0,2
reporting/ogham-core,fr.sii.ogham.sms.message.addressing.translator,CompositePhoneNumberTranslator,12,49,1,5,1,11,1,5,0,3
reporting/ogham-core,fr.sii.ogham.sms.message.addressing.translator,FixedPhoneNumberTranslator,0,19,0,0,0,5,0,2,0,2
reporting/ogham-core,fr.sii.ogham.sms.message.addressing.translator,AlphanumericCodeNumberFormatHandler,0,19,0,6,0,3,0,5,0,2
reporting/ogham-core,fr.sii.ogham.sms.message.addressing.translator,InternationalNumberFormatHandler,0,19,0,6,0,3,0,5,0,2
reporting/ogham-core,fr.sii.ogham.sms.message.addressing.translator,ShortCodeNumberFormatHandler,0,19,0,6,0,3,0,5,0,2
reporting/ogham-core,fr.sii.ogham.core.sender,MultiImplementationSender.Implementation,0,15,0,0,0,6,0,3,0,3
reporting/ogham-core,fr.sii.ogham.core.sender,AbstractSpecializedSender,0,7,0,0,0,3,0,2,0,2
reporting/ogham-core,fr.sii.ogham.core.sender,MultiImplementationSender,13,117,1,13,5,28,3,14,2,8
reporting/ogham-core,fr.sii.ogham.core.sender,FallbackSender,71,0,2,0,17,0,6,0,5,0
reporting/ogham-core,fr.sii.ogham.core.sender,ContentTranslatorSender,2,85,1,1,1,19,1,5,0,5
reporting/ogham-core,fr.sii.ogham.core.sender,FillerSender,2,65,1,1,1,15,1,5,0,5
reporting/ogham-core,fr.sii.ogham.html.inliner,ImageResource,3,33,0,0,1,11,1,5,1,5
reporting/ogham-core,fr.sii.ogham.html.inliner,ContentWithImages,4,34,0,0,2,12,1,6,1,6
reporting/ogham-core,fr.sii.ogham.html.inliner,EveryImageInliner,0,56,0,2,0,14,0,5,0,4
reporting/ogham-core,fr.sii.ogham.html.inliner,ExternalCss,0,15,0,0,0,6,0,3,0,3
reporting/ogham-core,fr.sii.ogham.html.inliner,ImageInlinerConstants.InlineModes,0,48,0,0,0,8,0,3,0,3
reporting/ogham-core,fr.sii.ogham.email.message.content,ContentWithAttachments,48,36,8,0,11,9,10,4,6,4
reporting/ogham-core,fr.sii.ogham.core,CoreConstants,0,30,0,0,0,3,0,1,0,1
reporting/ogham-core,fr.sii.ogham.core.exception.mimetype,MimeTypeException,4,9,0,0,2,4,1,2,1,2
reporting/ogham-core,fr.sii.ogham.core.exception.mimetype,MimeTypeDetectionException,4,9,0,0,2,4,1,2,1,2
reporting/ogham-core,fr.sii.ogham.core.env,FirstExistingPropertiesResolver,94,94,12,16,17,23,10,13,4,5
reporting/ogham-core,fr.sii.ogham.core.env,JavaPropertiesResolver,58,36,6,0,12,9,6,5,3,5
reporting/ogham-core,fr.sii.ogham.core.exception.convert,ConversionException,4,9,0,0,2,4,1,2,1,2
reporting/ogham-core,fr.sii.ogham.core.resource.path,LookupAwareRelativePathResolver,2,239,3,33,1,43,3,24,0,9
reporting/ogham-core,fr.sii.ogham.core.resource.path,RelativePath,41,44,0,0,5,10,4,4,4,4
reporting/ogham-core,fr.sii.ogham.core.resource.path,ResolvedResourcePath,23,65,0,0,1,12,1,6,1,6
reporting/ogham-core,fr.sii.ogham.core.resource.path,LookupAwareRelativePathResolver.LookupMetadata,0,25,0,2,0,9,0,5,0,4
reporting/ogham-core,fr.sii.ogham.core.resource.path,ResolvedString,3,33,0,0,1,9,1,5,1,5
reporting/ogham-core,fr.sii.ogham.core.resource.path,UnresolvedPath,0,47,0,0,0,9,0,5,0,5
reporting/ogham-core,fr.sii.ogham.core.condition.fluent,MessageConditions,3,36,0,0,1,11,1,11,1,11
reporting/ogham-core,fr.sii.ogham.core.condition.fluent,FluentCondition,4,75,0,4,1,14,1,6,1,4
reporting/ogham-core,fr.sii.ogham.core.condition.fluent,Conditions,0,98,0,0,0,12,0,12,0,12
reporting/ogham-core,fr.sii.ogham.core.mimetype.replace,FirstMatchingMimetypeReplacer,0,30,0,4,0,9,0,4,0,2
reporting/ogham-core,fr.sii.ogham.core.mimetype.replace,PatternMimetypeReplacer,7,30,0,2,2,10,1,4,1,3
reporting/ogham-core,fr.sii.ogham.core.mimetype.replace,ContainsMimetypeReplacer,6,37,0,8,2,10,1,6,1,2
reporting/ogham-email-javamail,fr.sii.ogham.email.sender.impl.javamail,MapAttachmentResourceHandler,17,34,1,1,1,11,1,4,0,4
reporting/ogham-email-javamail,fr.sii.ogham.email.sender.impl.javamail,MultiContentHandler,8,45,0,2,2,13,0,3,0,2
reporting/ogham-email-javamail,fr.sii.ogham.email.sender.impl.javamail,UpdatableUsernamePasswordAuthenticator,34,0,0,0,8,0,2,0,2,0
reporting/ogham-email-javamail,fr.sii.ogham.email.sender.impl.javamail,StreamResourceHandler,58,42,1,1,7,13,1,2,0,2
reporting/ogham-email-javamail,fr.sii.ogham.email.sender.impl.javamail,MapContentHandler,19,56,2,4,2,15,2,6,0,5
reporting/ogham-email-javamail,fr.sii.ogham.email.sender.impl.javamail,PropertiesUsernamePasswordAuthenticator,9,0,0,0,2,0,1,0,1,0
reporting/ogham-email-javamail,fr.sii.ogham.email.sender.impl.javamail,UsernamePasswordAuthenticator,0,17,0,0,0,5,0,2,0,2
reporting/ogham-email-javamail,fr.sii.ogham.email.sender.impl.javamail,StringContentHandler,18,54,1,1,4,12,1,2,0,2
reporting/ogham-email-javamail,fr.sii.ogham.email.sender.impl.javamail,FileResourceHandler,70,34,0,0,8,8,0,2,0,2
reporting/ogham-email-javamail,fr.sii.ogham.email.sender.impl.javamail,ContentWithAttachmentsHandler,0,34,0,2,0,9,0,3,0,2
reporting/ogham-email-javamail,fr.sii.ogham.email.sender.impl,JavaMailSender,80,263,3,17,14,64,6,19,3,11
reporting/ogham-email-javamail,fr.sii.ogham.email.sender.impl,PropertiesBridge,65,28,0,0,16,7,16,5,16,5
reporting/ogham-email-javamail,fr.sii.ogham.email.builder.javamail,JavaMailBuilder,39,378,8,34,12,79,12,38,5,24
reporting/ogham-email-javamail,fr.sii.ogham.email.builder.javamail,OverrideJavaMailResolver,56,221,6,46,12,50,6,35,3,12
reporting/ogham-email-javamail,fr.sii.ogham.email.builder.javamail,UsernamePasswordAuthenticatorBuilder,24,106,8,14,5,19,7,9,1,4
reporting/ogham-email-javamail,fr.sii.ogham.email.builder.javamail,DefaultJavaMailConfigurer,0,115,1,5,0,24,1,6,0,4
reporting/ogham-email-sendgrid-common,fr.sii.ogham.email.sendgrid.sender.exception,SendGridException,4,9,0,0,2,4,1,2,1,2
reporting/ogham-email-sendgrid-common,fr.sii.ogham.email.sendgrid.sender.exception,AttachmentReadException,25,0,0,0,10,0,4,0,4,0
reporting/ogham-email-sendgrid-common,fr.sii.ogham.email.sendgrid.builder,AbstractSendGridBuilder,21,139,4,12,6,29,6,12,2,8
reporting/ogham-email-sendgrid-v2,fr.sii.ogham.email.sendgrid.v2.sender.impl.sendgrid.client,DelegateSendGridClient,0,92,0,6,0,18,0,6,0,3
reporting/ogham-email-sendgrid-v2,fr.sii.ogham.email.sendgrid.v2.builder.sendgrid,DefaultSendGridV2Configurer,0,70,1,5,0,15,1,6,0,4
reporting/ogham-email-sendgrid-v2,fr.sii.ogham.email.sendgrid.v2.builder.sendgrid,SendGridV2Builder,10,221,2,22,3,46,3,21,1,11
reporting/ogham-email-sendgrid-v2,fr.sii.ogham.email.sendgrid.v2.sender.impl.sendgrid.handler,MultiContentHandler,0,64,0,10,0,15,0,7,0,2
reporting/ogham-email-sendgrid-v2,fr.sii.ogham.email.sendgrid.v2.sender.impl.sendgrid.handler,StringContentHandler,0,115,1,13,0,27,1,10,0,4
reporting/ogham-email-sendgrid-v2,fr.sii.ogham.email.sendgrid.v2.sender.impl.sendgrid.handler,MapContentHandler,0,112,0,14,0,27,0,12,0,5
reporting/ogham-email-sendgrid-v2,fr.sii.ogham.email.sendgrid.v2.sender.impl,SendGridV2Sender,115,215,12,20,20,55,14,11,2,7
reporting/ogham-email-sendgrid-v4,fr.sii.ogham.email.sendgrid.v4.sender.impl,SendGridV4Sender,144,240,14,18,24,63,15,13,1,10
reporting/ogham-email-sendgrid-v4,fr.sii.ogham.email.sendgrid.v4.builder.sendgrid,SendGridV4Builder,44,239,10,26,10,56,12,24,3,15
reporting/ogham-email-sendgrid-v4,fr.sii.ogham.email.sendgrid.v4.builder.sendgrid,DefaultSendGridV4Configurer,0,63,1,5,0,14,1,6,0,4
reporting/ogham-email-sendgrid-v4,fr.sii.ogham.email.sendgrid.v4.sender.impl.sendgrid.handler,MapContentHandler,0,112,0,14,0,27,0,12,0,5
reporting/ogham-email-sendgrid-v4,fr.sii.ogham.email.sendgrid.v4.sender.impl.sendgrid.handler,StringContentHandler,0,88,0,8,0,24,0,8,0,4
reporting/ogham-email-sendgrid-v4,fr.sii.ogham.email.sendgrid.v4.sender.impl.sendgrid.handler,MultiContentHandler,0,64,0,10,0,15,0,7,0,2
reporting/ogham-email-sendgrid-v4,fr.sii.ogham.email.sendgrid.v4.sender.impl.sendgrid.client,DelegateSendGridClient,9,177,3,17,2,36,3,16,0,9
reporting/ogham-email-sendgrid-v4,fr.sii.ogham.email.sendgrid.v4.sender.impl.sendgrid.client,CustomizableUrlClient,19,34,0,0,8,9,2,2,2,2
reporting/ogham-sms-cloudhopper,fr.sii.ogham.sms.sender.impl.cloudhopper,CloudhopperOptions,16,27,0,0,8,10,4,5,4,5
reporting/ogham-sms-cloudhopper,fr.sii.ogham.sms.sender.impl.cloudhopper,MapCloudhopperCharsetHandler,0,135,0,8,0,28,0,11,0,7
reporting/ogham-sms-cloudhopper,fr.sii.ogham.sms.sender.impl,CloudhopperSMPPSender,79,366,6,22,20,85,10,24,4,16
reporting/ogham-sms-cloudhopper,fr.sii.ogham.sms.builder.cloudhopper,DefaultCloudhopperConfigurer,5,244,1,1,2,36,1,4,0,4
reporting/ogham-sms-cloudhopper,fr.sii.ogham.sms.builder.cloudhopper,LoggingBuilder,12,0,0,0,5,0,3,0,3,0
reporting/ogham-sms-cloudhopper,fr.sii.ogham.sms.builder.cloudhopper,CharsetBuilder.CharsetMapping,0,15,0,0,0,6,0,3,0,3
reporting/ogham-sms-cloudhopper,fr.sii.ogham.sms.builder.cloudhopper,SslBuilder,22,0,2,0,7,0,5,0,4,0
reporting/ogham-sms-cloudhopper,fr.sii.ogham.sms.builder.cloudhopper,SessionBuilder,2,337,10,16,0,86,10,28,0,25
reporting/ogham-sms-cloudhopper,fr.sii.ogham.sms.builder.cloudhopper,SessionBuilder.ValueOrProperties,0,19,0,0,0,8,0,5,0,5
reporting/ogham-sms-cloudhopper,fr.sii.ogham.sms.builder.cloudhopper,CloudhopperSessionOptions,4,83,0,0,2,35,1,24,1,24
reporting/ogham-sms-cloudhopper,fr.sii.ogham.sms.builder.cloudhopper,CloudhopperBuilder,188,586,36,48,47,122,32,53,9,34
reporting/ogham-sms-cloudhopper,fr.sii.ogham.sms.builder.cloudhopper,CharsetBuilder,7,107,1,9,2,24,1,9,0,5
reporting/ogham-sms-ovh,fr.sii.ogham.sms.util.http,Response,0,21,0,0,0,8,0,4,0,4
reporting/ogham-sms-ovh,fr.sii.ogham.sms.util.http,HttpStatus,61,654,16,6,6,61,14,7,5,5
reporting/ogham-sms-ovh,fr.sii.ogham.sms.util.http,Parameter,0,15,0,0,0,6,0,3,0,3
reporting/ogham-sms-ovh,fr.sii.ogham.sms.sender.impl.ovh,OvhOptions,23,24,3,1,8,8,6,4,4,4
reporting/ogham-sms-ovh,fr.sii.ogham.sms.sender.impl.ovh,OvhAuthParams,0,21,0,0,0,8,0,4,0,4
reporting/ogham-sms-ovh,fr.sii.ogham.sms.sender.impl.ovh,SmsCoding,37,0,0,0,7,0,3,0,3,0
reporting/ogham-sms-ovh,fr.sii.ogham.sms.util,HttpUtils,33,186,3,13,6,34,4,11,1,6
reporting/ogham-sms-ovh,fr.sii.ogham.sms.sender.impl,OvhSmsSender,30,236,0,10,8,42,2,13,2,8
reporting/ogham-sms-ovh,fr.sii.ogham.sms.builder.ovh,OvhOptionsBuilder,8,169,6,16,2,35,6,15,0,10
reporting/ogham-sms-ovh,fr.sii.ogham.sms.builder.ovh,OvhSmsBuilder,21,253,6,24,6,48,6,23,1,13
reporting/ogham-sms-ovh,fr.sii.ogham.sms.builder.ovh,DefaultOvhSmsConfigurer,0,83,0,0,0,15,0,3,0,3
reporting/ogham-sms-smsglobal,fr.sii.ogham.sms.sender.impl,SmsglobalRestSender,10,0,0,0,4,0,4,0,4,0
reporting/ogham-spring-boot-common-autoconfigure,fr.sii.ogham.spring.template,OghamFreemarkerConfiguration,0,13,0,0,0,2,0,2,0,2
reporting/ogham-spring-boot-common-autoconfigure,fr.sii.ogham.spring.template,OghamFreemarkerConfiguration.OghamFreeMarkerNonWebConfiguration,0,9,0,0,0,3,0,3,0,3
reporting/ogham-spring-boot-common-autoconfigure,fr.sii.ogham.spring.template,OghamFreemarkerProperties,0,13,0,0,0,5,0,3,0,3
reporting/ogham-spring-boot-common-autoconfigure,fr.sii.ogham.spring.template,OghamFreemarkerConfiguration.OghamFreeMarkerWebConfiguration,0,9,0,0,0,3,0,3,0,3
reporting/ogham-spring-boot-common-autoconfigure,fr.sii.ogham.spring.template,OghamNoTemplateEngineConfiguration,13,0,0,0,2,0,2,0,2,0
reporting/ogham-spring-boot-common-autoconfigure,fr.sii.ogham.spring.template,NoTemplateEngineConfigurer,7,0,0,0,4,0,4,0,4,0
reporting/ogham-spring-boot-common-autoconfigure,fr.sii.ogham.spring.template,OghamCommonTemplateProperties,0,3,0,0,0,1,0,1,0,1
reporting/ogham-spring-boot-common-autoconfigure,fr.sii.ogham.spring.template,OghamFreemarkerConfiguration.FreeMarkerDefaultOghamConfiguration,0,25,0,0,0,7,0,4,0,4
reporting/ogham-spring-boot-common-autoconfigure,fr.sii.ogham.spring.template,FreemarkerConfigurer,0,303,2,6,0,65,2,10,0,8
reporting/ogham-spring-boot-common-autoconfigure,fr.sii.ogham.spring.template,ThymeLeafConfigurer,0,316,2,10,0,68,2,12,0,8
reporting/ogham-spring-boot-common-autoconfigure,fr.sii.ogham.spring.xml,SpringXMLMessagingBuilder,38,0,0,0,13,0,6,0,6,0
reporting/ogham-spring-boot-common-autoconfigure,fr.sii.ogham.spring.email,AbstractSpringSendGridConfigurer,0,120,1,5,0,31,1,9,0,7
reporting/ogham-spring-boot-common-autoconfigure,fr.sii.ogham.spring.email,SpringMailConfigurer,0,162,1,3,0,40,1,8,0,7
reporting/ogham-spring-boot-common-autoconfigure,fr.sii.ogham.spring.email,OghamJavaMailProperties.BodyProperties,4,6,0,0,2,2,1,2,1,2
reporting/ogham-spring-boot-common-autoconfigure,fr.sii.ogham.spring.email,OghamJavaMailProperties,8,33,0,0,4,11,2,7,2,7
reporting/ogham-spring-boot-common-autoconfigure,fr.sii.ogham.spring.email,OghamEmailProperties,38,46,0,0,16,16,11,8,11,8
reporting/ogham-spring-boot-common-autoconfigure,fr.sii.ogham.spring.email,OghamJavaMailConfiguration,0,9,0,0,0,2,0,2,0,2
reporting/ogham-spring-boot-common-autoconfigure,fr.sii.ogham.spring.email,OghamSendGridProperties,12,19,0,0,6,7,3,6,3,6
reporting/ogham-spring-boot-common-autoconfigure,fr.sii.ogham.spring.email,OghamJavaMailProperties.AuthenticationProperties,8,9,0,0,4,3,2,3,2,3
reporting/ogham-spring-boot-common-autoconfigure,fr.sii.ogham.spring.sms,OghamSmsProperties,54,39,0,0,24,11,15,4,15,4
reporting/ogham-spring-boot-common-autoconfigure,fr.sii.ogham.spring.sms,OghamCloudhopperConfiguration,0,9,0,0,0,2,0,2,0,2
reporting/ogham-spring-boot-common-autoconfigure,fr.sii.ogham.spring.sms,OghamOvhSmsConfiguration,0,8,0,0,0,2,0,2,0,2
reporting/ogham-spring-boot-common-autoconfigure,fr.sii.ogham.spring.sms,OghamSmppProperties,8,23,0,0,4,9,2,7,2,7
reporting/ogham-spring-boot-common-autoconfigure,fr.sii.ogham.spring.sms,SpringOvhSmsConfigurer,0,102,1,1,0,21,1,5,0,5
reporting/ogham-spring-boot-common-autoconfigure,fr.sii.ogham.spring.sms,OghamCloudhopperProperties.SessionProperties,44,77,0,0,22,22,11,12,11,12
reporting/ogham-spring-boot-common-autoconfigure,fr.sii.ogham.spring.sms,OghamOvhSmsProperties.Options,12,15,0,0,6,5,3,4,3,4
reporting/ogham-spring-boot-common-autoconfigure,fr.sii.ogham.spring.sms,OghamCloudhopperProperties.ConnectRetryProperties,8,17,0,0,4,5,2,3,2,3
reporting/ogham-spring-boot-common-autoconfigure,fr.sii.ogham.spring.sms,OghamOvhSmsProperties,8,38,0,0,4,14,2,9,2,9
reporting/ogham-spring-boot-common-autoconfigure,fr.sii.ogham.spring.sms,SpringCloudhopperConfigurer,0,228,2,2,0,51,2,6,0,6
reporting/ogham-spring-boot-common-autoconfigure,fr.sii.ogham.spring.sms,OghamCloudhopperProperties,24,49,0,0,12,17,6,11,6,11
reporting/ogham-spring-boot-common-autoconfigure,fr.sii.ogham.spring.env,SpringEnvironmentPropertyResolver,18,28,0,0,3,7,3,5,3,5
reporting/ogham-spring-boot-common-autoconfigure,fr.sii.ogham.spring.common,OghamResolutionProperties,8,19,0,0,4,5,2,3,2,3
reporting/ogham-spring-boot-common-autoconfigure,fr.sii.ogham.spring.common,PrefixSuffixProperties,0,17,0,0,0,7,0,5,0,5
reporting/ogham-spring-boot-common-autoconfigure,fr.sii.ogham.spring.common,OghamMimetypeProperties,7,6,0,0,3,2,2,1,2,1
reporting/ogham-spring-boot-common-autoconfigure,fr.sii.ogham.spring.common,SpringEnvironmentConfigurer,0,25,0,0,0,8,0,4,0,4
reporting/ogham-spring-boot-v1-autoconfigure,fr.sii.ogham.spring.v1.email,SpringSendGridV2Configurer,0,49,0,0,0,13,0,4,0,4
reporting/ogham-spring-boot-v1-autoconfigure,fr.sii.ogham.spring.v1.email,OghamSendGridV2Configuration,0,10,0,0,0,2,0,2,0,2
reporting/ogham-spring-boot-v1-autoconfigure,fr.sii.ogham.spring.v1.autoconfigure,OghamSpringBoot1AutoConfiguration,0,35,0,2,0,9,0,5,0,4
reporting/ogham-spring-boot-v1-autoconfigure,fr.sii.ogham.spring.v1.template,OghamThymeleafV2Configuration,0,14,0,0,0,2,0,2,0,2
reporting/ogham-spring-boot-v2-autoconfigure,fr.sii.ogham.spring.v2.template,OghamThymeleafV3Configuration,0,14,0,0,0,2,0,2,0,2
reporting/ogham-spring-boot-v2-autoconfigure,fr.sii.ogham.spring.v2.autoconfigure,OghamSpringBoot2AutoConfiguration,0,35,0,2,0,9,0,5,0,4
reporting/ogham-spring-boot-v2-autoconfigure,fr.sii.ogham.spring.v2.email,SpringSendGridV4Configurer,0,35,0,0,0,12,0,4,0,4
reporting/ogham-spring-boot-v2-autoconfigure,fr.sii.ogham.spring.v2.email,OghamSendGridV4Configuration,0,10,0,0,0,2,0,2,0,2
reporting/ogham-template-freemarker,fr.sii.ogham.template.freemarker.builder,FreemarkerSmsBuilder,0,10,0,0,0,4,0,2,0,2
reporting/ogham-template-freemarker,fr.sii.ogham.template.freemarker.builder,FreemarkerConfigurationBuilder,10,57,2,2,2,15,3,4,1,4
reporting/ogham-template-freemarker,fr.sii.ogham.template.freemarker.builder,AbstractFreemarkerMultiContentBuilder,0,54,0,2,0,11,0,5,0,4
reporting/ogham-template-freemarker,fr.sii.ogham.template.freemarker.builder,FreemarkerEmailBuilder,0,6,0,0,0,2,0,1,0,1
reporting/ogham-template-freemarker,fr.sii.ogham.template.freemarker.builder,AbstractFreemarkerBuilder,38,253,4,12,10,57,8,22,4,18
reporting/ogham-template-freemarker,fr.sii.ogham.template.freemarker.configurer,DefaultFreemarkerSmsConfigurer,0,171,2,6,0,28,2,7,0,5
reporting/ogham-template-freemarker,fr.sii.ogham.template.freemarker.configurer,DefaultFreemarkerEmailConfigurer,0,182,2,6,0,32,2,7,0,5
reporting/ogham-template-freemarker,fr.sii.ogham.template.freemarker.adapter,StringContentTemplateLoader.StringTemplateSource,22,6,0,0,2,3,2,1,2,1
reporting/ogham-template-freemarker,fr.sii.ogham.template.freemarker.adapter,ClassPathResolverAdapter.FixClassTemplateLoader,1,18,1,1,0,4,1,2,0,2
reporting/ogham-template-freemarker,fr.sii.ogham.template.freemarker.adapter,ClassPathResolverAdapter,3,31,1,3,1,8,1,5,0,4
reporting/ogham-template-freemarker,fr.sii.ogham.template.freemarker.adapter,StringResolverAdapter,4,15,1,1,0,4,1,3,0,3
reporting/ogham-template-freemarker,fr.sii.ogham.template.freemarker.adapter,FileResolverAdapter,16,32,0,2,2,8,0,5,0,4
reporting/ogham-template-freemarker,fr.sii.ogham.template.freemarker.adapter,StringContentTemplateLoader,0,18,0,0,0,5,0,5,0,5
reporting/ogham-template-freemarker,fr.sii.ogham.template.freemarker.adapter,FirstSupportingResolverAdapter,46,54,5,5,9,15,6,7,3,5
reporting/ogham-template-freemarker,fr.sii.ogham.template.freemarker.adapter,AbstractFreeMarkerTemplateLoaderOptionsAdapter,3,7,0,0,1,3,1,2,1,2
reporting/ogham-template-freemarker,fr.sii.ogham.template.freemarker,TemplateLoaderOptions,0,3,0,0,0,2,0,1,0,1
reporting/ogham-template-freemarker,fr.sii.ogham.template.freemarker,FreeMarkerFirstSupportingTemplateLoader.AdaptedSource,41,28,6,0,7,8,7,4,4,4
reporting/ogham-template-freemarker,fr.sii.ogham.template.freemarker,SkipLocaleForStringContentTemplateLookupStrategy,23,46,1,3,4,12,1,4,0,3
reporting/ogham-template-freemarker,fr.sii.ogham.template.freemarker,FreeMarkerTemplateDetector,2,85,1,7,1,20,1,8,0,5
reporting/ogham-template-freemarker,fr.sii.ogham.template.freemarker,FreeMarkerFirstSupportingTemplateLoader,48,57,0,2,6,13,0,6,0,5
reporting/ogham-template-freemarker,fr.sii.ogham.template.freemarker,FreeMarkerParser,9,74,0,2,2,18,0,5,0,4
reporting/ogham-template-thymeleaf-common,fr.sii.ogham.template.thymeleaf.common.exception,TemplateResolutionException,18,0,0,0,7,0,3,0,3,0
reporting/ogham-template-thymeleaf-common,fr.sii.ogham.template.thymeleaf.common.buider,AbstractThymeleafMultiContentBuilder,0,54,0,2,0,11,0,5,0,4
reporting/ogham-template-thymeleaf-common,fr.sii.ogham.template.thymeleaf.common.buider,AbstractThymeleafBuilder,65,190,7,11,17,46,12,20,6,17
reporting/ogham-template-thymeleaf-common,fr.sii.ogham.template.thymeleaf.common,ThymeleafParser,17,60,0,0,4,14,1,4,1,4
reporting/ogham-template-thymeleaf-common,fr.sii.ogham.template.thymeleaf.common,SimpleThymeleafContextConverter,0,21,0,2,0,6,0,3,0,2
reporting/ogham-template-thymeleaf-common,fr.sii.ogham.template.thymeleaf.common,TemplateResolverOptions,0,3,0,0,0,2,0,1,0,1
reporting/ogham-template-thymeleaf-common,fr.sii.ogham.template.thymeleaf.common.configure,AbstractDefaultThymeleafEmailConfigurer,0,157,1,3,0,28,1,5,0,4
reporting/ogham-template-thymeleaf-common,fr.sii.ogham.template.thymeleaf.common.configure,AbstractDefaultThymeleafSmsConfigurer,0,146,1,3,0,23,1,5,0,4
reporting/ogham-template-thymeleaf-common,fr.sii.ogham.template.thymeleaf.common.adapter,FirstSupportingResolverAdapter,46,54,5,5,9,15,6,7,3,5
reporting/ogham-template-thymeleaf-common,fr.sii.ogham.template.thymeleaf.common.adapter,ClassPathResolverAdapter,0,24,0,2,0,6,0,4,0,3
reporting/ogham-template-thymeleaf-common,fr.sii.ogham.template.thymeleaf.common.adapter,AbstractTemplateResolverOptionsAdapter,3,8,0,0,1,4,1,3,1,3
reporting/ogham-template-thymeleaf-common,fr.sii.ogham.template.thymeleaf.common.adapter,FileResolverAdapter,0,24,0,2,0,6,0,4,0,3
reporting/ogham-template-thymeleaf-common,fr.sii.ogham.template.thymeleaf.common.adapter,StringResolverAdapter,4,20,1,1,0,6,1,3,0,3
reporting/ogham-template-thymeleaf-v2,fr.sii.ogham.template.thymeleaf.v2,ThymeleafV2TemplateDetector,86,13,10,0,21,5,8,2,3,2
reporting/ogham-template-thymeleaf-v2,fr.sii.ogham.template.thymeleaf.v2,ThymeLeafV2FirstSupportingTemplateResolver,16,60,1,1,2,17,1,5,0,5
reporting/ogham-template-thymeleaf-v2,fr.sii.ogham.template.thymeleaf.v2.resolver,FixClassLoaderTemplateResolver,1,16,1,1,0,3,1,2,0,2
reporting/ogham-template-thymeleaf-v2,fr.sii.ogham.template.thymeleaf.v2.resolver,StringResourceResolver,11,0,0,0,3,0,3,0,3,0
reporting/ogham-template-thymeleaf-v2,fr.sii.ogham.template.thymeleaf.v2.resolver,StringTemplateResolver,8,0,0,0,3,0,1,0,1,0
reporting/ogham-template-thymeleaf-v2,fr.sii.ogham.template.thymeleaf.v2.configure,DefaultThymeleafV2EmailConfigurer,4,15,0,4,2,4,1,5,1,3
reporting/ogham-template-thymeleaf-v2,fr.sii.ogham.template.thymeleaf.v2.configure,DefaultThymeleafV2SmsConfigurer,0,15,0,4,0,3,0,5,0,3
reporting/ogham-template-thymeleaf-v2,fr.sii.ogham.template.thymeleaf.v2.buider,ThymeleafV2SmsBuilder,14,57,1,1,3,13,2,5,1,5
reporting/ogham-template-thymeleaf-v2,fr.sii.ogham.template.thymeleaf.v2.buider,ThymeleafV2EngineConfigBuilder,315,0,30,0,97,0,47,0,32,0
reporting/ogham-template-thymeleaf-v2,fr.sii.ogham.template.thymeleaf.v2.buider,ThymeleafV2EmailBuilder,14,53,1,1,3,11,2,4,1,4
reporting/ogham-template-thymeleaf-v2,fr.sii.ogham.template.thymeleaf.v2.adapter,FixClassPathResolverAdapter,1,23,1,1,0,6,1,3,0,3
reporting/ogham-template-thymeleaf-v3,fr.sii.ogham.template.thymeleaf.v3,ThymeleafV3TemplateDetector,7,108,0,12,2,27,0,13,0,7
reporting/ogham-template-thymeleaf-v3,fr.sii.ogham.template.thymeleaf.v3,ThymeLeafV3FirstSupportingTemplateResolver,40,59,3,3,5,16,3,5,0,5
reporting/ogham-template-thymeleaf-v3,fr.sii.ogham.template.thymeleaf.v3.buider,ThymeleafV3SmsBuilder,6,24,0,0,1,6,1,4,1,4
reporting/ogham-template-thymeleaf-v3,fr.sii.ogham.template.thymeleaf.v3.buider,ThymeleafV3EmailBuilder,6,20,0,0,1,4,1,3,1,3
reporting/ogham-template-thymeleaf-v3,fr.sii.ogham.template.thymeleaf.v3.buider,ThymeleafV3EngineConfigBuilder,245,0,20,0,77,0,37,0,27,0
reporting/ogham-template-thymeleaf-v3,fr.sii.ogham.template.thymeleaf.v3.exception,TemplateResolutionException,27,0,0,0,10,0,4,0,4,0
reporting/ogham-template-thymeleaf-v3,fr.sii.ogham.template.thymeleaf.v3.configure,DefaultThymeleafV3EmailConfigurer,4,15,0,4,2,4,1,5,1,3
reporting/ogham-template-thymeleaf-v3,fr.sii.ogham.template.thymeleaf.v3.configure,DefaultThymeleafV3SmsConfigurer,4,15,0,4,2,4,1,5,1,3
reporting/ogham-test-utils,fr.sii.ogham.mock.context,SimpleBean,20,98,3,3,4,24,4,10,1,10
reporting/ogham-test-utils,fr.sii.ogham.mock.context,NestedBean,14,48,3,3,4,12,4,4,1,4
reporting/ogham-test-utils,fr.sii.ogham.helper.html,AssertHtml,69,60,8,2,17,15,7,3,2,3
reporting/ogham-test-utils,fr.sii.ogham.helper.html,HtmlUtils,11,27,2,2,2,4,2,1,0,1
reporting/ogham-test-utils,fr.sii.ogham.helper.template,AssertTemplate,4,31,2,2,0,7,2,4,0,4
reporting/ogham-test-utils,fr.sii.ogham.helper.sms,AssertSms,0,165,0,2,0,17,0,5,0,4
reporting/ogham-test-utils,fr.sii.ogham.helper.sms,SmsUtils,0,17,0,2,0,4,0,2,0,1
reporting/ogham-test-utils,fr.sii.ogham.helper.sms,SplitSms,5,49,0,2,2,10,1,5,1,4
reporting/ogham-test-utils,fr.sii.ogham.helper.sms,ExpectedAddressedPhoneNumber,82,21,10,0,13,8,8,4,3,4
reporting/ogham-test-utils,fr.sii.ogham.helper.sms,ExpectedSms,0,21,0,0,0,8,0,4,0,4
reporting/ogham-test-utils,fr.sii.ogham.helper.sms.rule,SmppServerRule,0,25,0,0,0,7,0,5,0,5
reporting/ogham-test-utils,fr.sii.ogham.helper.sms.rule,SmppServerRule.StartServerStatement,0,41,0,0,0,11,0,2,0,2
reporting/ogham-test-utils,fr.sii.ogham.helper.sms.rule,JsmppServerRule,0,11,0,0,0,4,0,2,0,2
reporting/ogham-test-utils,fr.sii.ogham.helper.sms.rule,SmppServerException,13,0,0,0,6,0,3,0,3,0
reporting/ogham-test-utils,fr.sii.ogham.assertion.sms,SmsListAssert,0,32,0,0,0,7,0,4,0,4
reporting/ogham-test-utils,fr.sii.ogham.assertion.sms,SmsAssert,76,141,4,6,14,25,4,8,2,5
reporting/ogham-test-utils,fr.sii.ogham.assertion.sms,PhoneNumberWithContext,0,27,0,0,0,8,0,3,0,3
reporting/ogham-test-utils,fr.sii.ogham.assertion.sms,PhoneNumberAssert,0,87,0,6,0,21,0,7,0,4
reporting/ogham-test-utils,fr.sii.ogham.assertion.sms,PhoneNumberInfo,0,21,0,0,0,8,0,4,0,4
reporting/ogham-test-utils,fr.sii.ogham.assertion.sms,ReceivedSmsAssert,17,13,0,0,3,4,2,2,2,2
reporting/ogham-test-utils,fr.sii.ogham.assertion.hamcrest,IdenticalHtmlMatcher,81,0,4,0,21,0,8,0,6,0
reporting/ogham-test-utils,fr.sii.ogham.assertion.hamcrest,CustomReason,11,14,0,0,4,5,3,2,3,2
reporting/ogham-test-utils,fr.sii.ogham.assertion.hamcrest,SimilarHtmlMatcher,56,25,3,1,13,8,5,3,3,3
reporting/ogham-test-utils,fr.sii.ogham.assertion.email,EmailAssert,193,395,6,20,38,69,5,22,2,12
reporting/ogham-test-utils,fr.sii.ogham.assertion.email,ReceivedEmailsAssert,17,13,0,0,3,4,2,2,2,2
reporting/ogham-test-utils,fr.sii.ogham.assertion.email,AddressListAssert,86,93,8,8,18,21,6,7,2,3
reporting/ogham-test-utils,fr.sii.ogham.assertion.email,PartWithContext,0,27,0,0,0,8,0,3,0,3
reporting/ogham-test-utils,fr.sii.ogham.assertion.email,PartAssert,131,163,13,15,28,34,12,12,3,7
reporting/ogham-test-utils,fr.sii.ogham.assertion.email,AddressesWithContext,0,27,0,0,0,8,0,3,0,3
reporting/ogham-test-utils,fr.sii.ogham.assertion.email,EmailsAssert,0,32,0,0,0,7,0,4,0,4
reporting/ogham-test-utils,fr.sii.ogham.helper.email,AnyPredicate,5,0,0,0,2,0,2,0,2,0
reporting/ogham-test-utils,fr.sii.ogham.helper.email,ExpectedAttachment,176,0,0,0,46,0,23,0,23,0
reporting/ogham-test-utils,fr.sii.ogham.helper.email,AssertAttachment,121,0,2,0,15,0,4,0,3,0
reporting/ogham-test-utils,fr.sii.ogham.helper.email,ExpectedEmailHeader,16,52,0,0,4,15,2,7,2,7
reporting/ogham-test-utils,fr.sii.ogham.helper.email,ExpectedEmail,0,23,0,0,0,6,0,3,0,3
reporting/ogham-test-utils,fr.sii.ogham.helper.email,EmailUtils,30,164,4,22,6,40,5,20,2,10
reporting/ogham-test-utils,fr.sii.ogham.helper.email,FileNamePredicate,7,22,0,0,2,5,0,3,0,3
reporting/ogham-test-utils,fr.sii.ogham.helper.email,ExpectedMultiPartEmail,12,0,0,0,4,0,2,0,2,0
reporting/ogham-test-utils,fr.sii.ogham.helper.email,AssertEmail,285,350,23,19,47,58,28,20,12,15
reporting/ogham-test-utils,fr.sii.ogham.helper.email,ExpectedContent,0,28,0,0,0,10,0,5,0,5
reporting/ogham-test-utils,fr.sii.ogham.helper.sms.cloudhopper,TestSmppServerHandler,73,0,4,0,21,0,10,0,8,0
reporting/ogham-test-utils,fr.sii.ogham.helper.sms.cloudhopper,CloudhopperSMPPServer,76,0,0,0,23,0,9,0,9,0
reporting/ogham-test-utils,fr.sii.ogham.helper.exception,ComparisonException,13,0,0,0,6,0,3,0,3,0
reporting/ogham-test-utils,fr.sii.ogham.junit,TestLogger,0,145,0,0,0,23,0,9,0,9
reporting/ogham-test-utils,fr.sii.ogham.junit,LoggingTestExtension,9,31,1,1,1,11,1,4,0,4
reporting/ogham-test-utils,fr.sii.ogham.junit,LoggingTestRule,0,21,0,0,0,6,0,3,0,3
reporting/ogham-test-utils,fr.sii.ogham.junit,LoggingTestRule.LoggingStatement,0,52,0,0,0,13,0,2,0,2
reporting/ogham-test-utils,fr.sii.ogham.helper.sms.jsmpp,DeliveryReceiptTask,141,68,1,1,24,19,2,3,1,3
reporting/ogham-test-utils,fr.sii.ogham.helper.sms.jsmpp,JSMPPServer,18,64,0,0,6,21,0,6,0,6
reporting/ogham-test-utils,fr.sii.ogham.helper.sms.jsmpp,JSMPPServerSimulator,64,256,12,14,15,69,15,14,5,11
reporting/ogham-test-utils,fr.sii.ogham.helper.sms.jsmpp,WaitBindTask,28,33,0,0,9,12,0,4,0,4
reporting/ogham-test-utils,fr.sii.ogham.assertion.context,SingleMessageContext,0,14,0,0,0,4,0,2,0,2
reporting/ogham-test-utils,fr.sii.ogham.assertion,AssertionHelper,146,10,27,1,38,4,20,2,6,2
reporting/ogham-test-utils,fr.sii.ogham.assertion,HasParent,0,9,0,0,0,4,0,2,0,2
reporting/ogham-test-utils,fr.sii.ogham.assertion,OghamAssertions,30,54,1,3,4,9,4,8,3,7
reporting/ogham-test-utils,fr.sii.ogham.mock.classloader,FilterableClassLoader,69,41,6,2,20,9,10,4,7,3
reporting/ogham-test-utils-internal,fr.sii.ogham.assertion.internal.matcher,IsSpringBeanInstance,11,30,3,1,2,10,3,2,1,2
reporting/ogham-test-utils-internal,fr.sii.ogham.assertion.internal,FreemarkerConfigurationAssersions,0,25,0,2,0,7,0,3,0,2
reporting/ogham-test-utils-internal,fr.sii.ogham.assertion.internal,ThymeleafParserAssertions,7,32,0,2,2,8,0,4,0,3
reporting/ogham-test-utils-internal,fr.sii.ogham.assertion.internal,FreemarkerAssersions,40,20,0,0,2,4,4,2,4,2
reporting/ogham-test-utils-internal,fr.sii.ogham.assertion.internal,SendGridAssertions,17,72,1,5,6,17,1,7,0,5
reporting/ogham-test-utils-internal,fr.sii.ogham.assertion.internal,MessagingServiceAssertions.FoundParser,3,12,0,0,1,5,1,2,1,2
reporting/ogham-test-utils-internal,fr.sii.ogham.assertion.internal,FreemarkerParserAssertions,7,27,0,0,2,5,0,3,0,3
reporting/ogham-test-utils-internal,fr.sii.ogham.assertion.internal,SendGridVersion,37,0,0,0,7,0,3,0,3,0
reporting/ogham-test-utils-internal,fr.sii.ogham.assertion.internal,MessagingServiceAssertions,143,419,7,37,21,86,9,34,2,19
reporting/ogham-test-utils-internal,fr.sii.ogham.assertion.internal,JavaMailAssertions,7,32,0,0,2,8,0,4,0,4
reporting/ogham-test-utils-internal,fr.sii.ogham.assertion.internal,ThymeleafAssertions,40,20,0,0,2,4,4,2,4,2
reporting/ogham-test-utils-internal,fr.sii.ogham.assertion,OghamInternalAssertions,0,11,0,0,0,2,0,2,0,2
